Workbook

Sheet 課表
A1: 📅 114學年度第一學期課表 - 成大交管系大四 | I1: 🔍 課程詳情面板
A2: 點選課程查看詳細資訊 ➜ | I2: 請在下方輸入課程代碼查詢詳情
A3: 時段 | B3: 星期一 | C3: 星期二 | D3: 星期三 | E3: 星期四 | F3: 星期五 | G3: 狀態 | I3: 查詢課程代碼: | J3: 系上必修 | K3: H5-161
A4: 08:00-08:50 | C4: 空白 | D4: 系上選修:專題二 | G4: =IF(COUNTA(B4:F4)=0,"✅ 空閒","📚 上課") -> 📚 上課 | J4: 系上選修 | K4: H5-161
A5: 09:00-09:50 | C5: 系外必選修:數理統計學 | D5: 系上選修:專題二 | G5: =IF(COUNTA(B5:F5)=0,"✅ 空閒","📚 上課") -> 📚 上課 | I5: 課程名稱: | J5: 系外必選修 | K5: =IFERROR(VLOOKUP($K$3,課程詳情!$A$4:$H$20,2,FALSE),"請輸入有效代碼") -> 運輸安全
A6: 10:10-11:00 | C6: 系外必選修:數理統計學 | D6: 系上選修:專題二 | G6: =IF(COUNTA(B6:F6)=0,"✅ 空閒","📚 上課") -> 📚 上課 | I6: 課程分類: | J6: 通識課 | K6: =IFERROR(VLOOKUP($K$3,課程詳情!$A$4:$H$20,3,FALSE),"-") -> 系上必修
A7: 11:10-12:00 | C7: 系外必選修:數理統計學 | D7: 系上選修:專題二 | G7: =IF(COUNTA(B7:F7)=0,"✅ 空閒","📚 上課") -> 📚 上課 | I7: 授課教師: | J7: 空白 | K7: =IFERROR(VLOOKUP($K$3,課程詳情!$A$4:$H$20,4,FALSE),"-") -> 傅強 教授
A8: 12:10-13:00 | C8: 空白 | D8: 系上選修:專題二 | G8: =IF(COUNTA(B8:F8)=0,"✅ 空閒","📚 上課") -> 📚 上課 | I8: 上課時間: | K8: =IFERROR(VLOOKUP($K$3,課程詳情!$A$4:$H$20,5,FALSE),"-") -> 週二 14:10-17:00
A9: 13:10-14:00 | C9: 空白 | D9: 系上選修:專題二 | G9: =IF(COUNTA(B9:F9)=0,"✅ 空閒","📚 上課") -> 📚 上課 | I9: 課程連結: | K9: =IFERROR(VLOOKUP($K$3,課程詳情!$A$4:$H$20,6,FALSE),"-") -> 1141_H521600-選課的選項
A10: 14:10-15:00 | C10: 系上必修:運輸安全 | D10: 系上必修:交通流理論 | G10: =IF(COUNTA(B10:F10)=0,"✅ 空閒","📚 上課") -> 📚 上課 | I10: 大綱連結: | K10: =IFERROR(VLOOKUP($K$3,課程詳情!$A$4:$H$20,7,FALSE),"-") -> 課程大綱
A11: 15:20-16:10 | C11: 系上必修:運輸安全 | D11: 系上必修:交通流理論 | G11: =IF(COUNTA(B11:F11)=0,"✅ 空閒","📚 上課") -> 📚 上課 | I11: 內容摘要: | K11: =課表!C32 -> 0
A12: 16:20-17:10 | C12: 系上必修:運輸安全 | D12: 系上必修:交通流理論 | G12: =IF(COUNTA(B12:F12)=0,"✅ 空閒","📚 上課") -> 📚 上課
A13: 17:20-18:10 | C13: 系上選修:專題二 | D13: 系上選修:專題二 | G13: =IF(COUNTA(B13:F13)=0,"✅ 空閒","📚 上課") -> 📚 上課 | I13: 🏢 微軟辦公室可安排時段
I14: 假設辦公時間: 09:00-18:00
A15: 📊 課程分類圖例 | D15: 📝 使用說明 | I15: 星期 | J15: 空閒節數 | K15: 可用時數 | L15: 建議
A16: 系上必修 | D16: 1️⃣ 在課表儲存格點擊下拉選單，選擇課程分類 | I16: 星期一 | J16: =B24 -> 10 | K16: =B26 -> 8.3 | L16: =IF(B24>=8,"全天可用",IF(B24>=5,"半天可用",IF(B24>=3,"可安排2-3小時","時間有限"))) -> 全天可用
A17: 系上選修 | D17: 2️⃣ 到「課程詳情」工作表填入完整課程資訊 | I17: 星期二 | J17: =C24 -> 0 | K17: =C26 -> 0 | L17: =IF(C24>=8,"全天可用",IF(C24>=5,"半天可用",IF(C24>=3,"可安排2-3小時","時間有限"))) -> 時間有限
A18: 系外必選修 | D18: 3️⃣ 在K3輸入課程代碼，右側面板會顯示詳情 | I18: 星期三 | J18: =D24 -> 0 | K18: =D26 -> 0 | L18: =IF(D24>=8,"全天可用",IF(D24>=5,"半天可用",IF(D24>=3,"可安排2-3小時","時間有限"))) -> 時間有限
A19: 通識課 | D19: 4️⃣ 底部彙總表會自動計算可用時間 | I19: 星期四 | J19: =E24 -> 10 | K19: =E26 -> 8.3 | L19: =IF(E24>=8,"全天可用",IF(E24>=5,"半天可用",IF(E24>=3,"可安排2-3小時","時間有限"))) -> 全天可用
A20: 空白 | B20: 可安排時間 | D20: 5️⃣ 連結欄位可使用 Ctrl+K 插入超連結 | I20: 星期五 | J20: =F24 -> 10 | K20: =F26 -> 8.3 | L20: =IF(F24>=8,"全天可用",IF(F24>=5,"半天可用",IF(F24>=3,"可安排2-3小時","時間有限"))) -> 全天可用
I21: 📊 本週總計 | J21: =SUM(J16:J20) -> 30 | K21: =SUM(K16:K20) -> 24.9 | L21: =IF(K21>=30,"時間充裕",IF(K21>=20,"時間適中","需妥善安排")) -> 時間適中
A22: 📈 可用時間彙總（可安排在微軟辦公室的時間）
A23: 項目 | B23: 星期一 | C23: 星期二 | D23: 星期三 | E23: 星期四 | F23: 星期五 | G23: 合計
A24: 空閒節數 | B24: =COUNTBLANK(B4:B13) -> 10 | C24: =COUNTBLANK(C4:C13) -> 0 | D24: =COUNTBLANK(D4:D13) -> 0 | E24: =COUNTBLANK(E4:E13) -> 10 | F24: =COUNTBLANK(F4:F13) -> 10 | G24: =SUM(B25:F25) -> 20
A25: 上課節數 | B25: =COUNTA(B4:B13) -> 0 | C25: =COUNTA(C4:C13) -> 10 | D25: =COUNTA(D4:D13) -> 10 | E25: =COUNTA(E4:E13) -> 0 | F25: =COUNTA(F4:F13) -> 0 | G25: =SUM(B26:F26) -> 24.9
A26: 可用時數 | B26: =ROUND(B24*50/60,1) -> 8.3 | C26: =ROUND(C24*50/60,1) -> 0 | D26: =ROUND(D24*50/60,1) -> 0 | E26: =ROUND(E24*50/60,1) -> 8.3 | F26: =ROUND(F24*50/60,1) -> 8.3 | G26: =ROUND(G24*50/60,1) -> 16.7
A27: 空閒率 | B27: =B24/10 -> 1 | C27: =C24/10 -> 0 | D27: =D24/10 -> 0 | E27: =E24/10 -> 1 | F27: =F24/10 -> 1 | G27: =G24/50 -> 0.4

Sheet 課程詳情
A1: 📚 課程詳細資訊表
A2: 💡 請在此表中填入每門課程的詳細資訊，連結欄位可直接貼上網址
A3: 課程代碼 | B3: 課程名稱 | C3: 課程分類 | D3: 授課教師 | E3: 上課時間 | F3: 課程連結 | G3: 課程大綱連結 | H3: 課程內容摘要
A4: H5-161 | B4: 運輸安全 | C4: 系上必修 | D4: 傅強 教授 | E4: 週二 14:10-17:00 | F4: 1141_H521600-選課的選項 | G4: 課程大綱 | H4: 有期中考(20%)；期末考(20%)；三次分組作業與課堂報告各(20%)
A5: D5-161 | B5: 數理統計學 | C5: 系外必選修 | D5: 林姿妤 教授 | E5: 週二 09:00-12:00 | F5: 1141_D521300-選課的選項 | G5: 課程大綱 | H5: Basic calculus will be used regularly.
A6: H5-166 | B6: 專題二 | C6: 系上選修 | D6: 李威勳 教授 | E6: 時間未定 | F6: 未啟用課程大綱 | G6: 課程大綱 | H6: 繼續執行國科會計畫，因主要為個人作業，故也可以線上會議執行每兩週一次的會報
